Venue Name,City,State,Capacity,Age Restrictions,Region,Venue Type,Genres (top 3),Image,Website,Social Links,Source(s),Venue ID,Confidence
Climate Pledge Arena,Seattle,WA,,All Ages,West,Arena,,,,,Ticketmaster,tmv-KovZ917Ahkk,78
Paramount Theatre,Seattle,WA,,,West,Theatre,,,,,Ticketmaster,tmv-KovZpZAFkvEA,75
WAMU Theater,Seattle,WA,,,West,Theatre,,,,,Ticketmaster,tmv-KovZpZAFFE7A,75
Tacoma Dome,Tacoma,WA,,,West,Venue,,,,,Ticketmaster,tmv-KovZpa3zGe,75
Angel Of The Winds Arena,Everett,WA,,,West,Arena,,,,,Ticketmaster,tmv-KovZ917AhRn,75
Moore Theatre,Seattle,WA,,,West,Theatre,,,,,Ticketmaster,tmv-KovZpZA1vFJA,75
Neptune Theatre,Seattle,WA,,,West,Theatre,,,,,Ticketmaster,tmv-KovZpZAFnltA,75
Toyota Center Kennewick,Kennewick,WA,,,West,Venue,,,,,Ticketmaster,tmv-KovZpa34pe,75
Gorge Amphitheatre,George,WA,,All Ages,West,Amphitheatre,,,,,Ticketmaster,tmv-KovZpZAEkk1A,78
Pantages Theater,Tacoma,WA,,,West,Theatre,,,,,Ticketmaster,tmv-KovZpZAFkvJA,75
Knitting Factory - Spokane,Spokane,WA,,,West,Venue,,,,,Ticketmaster,tmv-KovZ917AJvZ,75
Benaroya Hall - S. Mark Taper Auditorium,Seattle,WA,,All Ages,West,Hall,,,,,Ticketmaster,tmv-KovZpZAaIEvA,78
White River Amphitheatre,Auburn,WA,,All Ages,West,Amphitheatre,,,,,Ticketmaster,tmv-KovZpZAEkd1A,78
McCaw Hall,Seattle,WA,,,West,Hall,,,,,Ticketmaster,tmv-KovZpa34ne,75
Ilani Cowlitz Ballroom,Ridgefield,WA,,,West,Ballroom,,,,,Ticketmaster,tmv-KovZ917Ah8z,75
Cascades Amphitheater,Ridgefield,WA,,All Ages,West,Amphitheatre,,,,,Ticketmaster,tmv-KovZpZAJld6A,78
Remlinger Farms,Carnation,WA,,,West,Venue,,,,,Ticketmaster,tmv-KovZ917AioZ,75
Tulalip Amphitheatre,Tulalip,WA,,,West,Amphitheatre,,,,,Ticketmaster,tmv-KovZpZAaaEvA,75
Chateau Ste Michelle Winery,Woodinville,WA,,,West,Venue,,,,,Ticketmaster,tmv-KovZpZAFkkJA,75
KeyArena,Seattle,WA,,,West,Arena,,,,,Ticketmaster,tmv-KovZpZAJdt1A,75
Marymoor Live - Presented By Toyota,Redmond,WA,,,West,Venue,,,,,Ticketmaster,tmv-KovZpa3qwe,75
APEX Everett,Everett,WA,,,West,Venue,,,,,Ticketmaster,tmv-KovZ917Am28,75
Alaska Airlines Arena at Hec Edmundson Pavilion,Seattle,WA,,,West,Arena,,,,,Ticketmaster,tmv-KovZpZAFkkIA,75
Rialto Theater,Tacoma,WA,,,West,Theatre,,,,,Ticketmaster,tmv-KovZpa3zee,75
T-Mobile Park,Seattle,WA,,,West,Venue,,,,,Ticketmaster,tmv-KovZpZAEevAA,75
Theatre On the Square,Tacoma,WA,,,West,Theatre,,,,,Ticketmaster,tmv-KovZpZA1tlaA,75
Suquamish Clearwater Beach Rock Music & Sports Lounge,Suquamish,WA,,,West,Venue,,,,,Ticketmaster,tmv-KovZ917ALUH,75
Showbox at The Market,Seattle,WA,,,West,Venue,,,,,Ticketmaster,tmv-KovZpZAEknlA,75
Suquamish Clearwater Resort Lawn,Suquamish,WA,,,West,Venue,,,,,Ticketmaster,tmv-KovZ917AJ9V,75
The Crocodile,Seattle,WA,,All Ages,West,Venue,,,,,Ticketmaster,tmv-KovZpZA1vFtA,78
Neumos,Seattle,WA,,All Ages,West,Venue,,,,,Ticketmaster,tmv-KovZpappxe,78
Toyota Arena Kennewick,Kennewick,WA,,,West,Arena,,,,,Ticketmaster,tmv-KovZpa4Yme,75
Triple Door,Seattle,WA,,,West,Venue,,,,,Ticketmaster,tmv-KovZpZA1ekJA,75
Chop Suey,Seattle,WA,,,West,Venue,,,,,Ticketmaster,tmv-KovZpZAaIEFA,75
Washington Hall,Seattle,WA,,,West,Hall,,,,,Ticketmaster,tmv-KovZ917AJaF,75
Fremont Abbey,Seattle,WA,,,West,Venue,,,,,Ticketmaster,tmv-KovZ917A2w0,75
Barboza,Seattle,WA,,,West,Venue,,,,,Ticketmaster,tmv-KovZ917A3zf,75
Martin Woldson Theater at the Fox,Spokane,WA,,,West,Theatre,,,,,Ticketmaster,tmv-KovZ917A53V,75
The Podium,Spokane,WA,,,West,Venue,,,,,Ticketmaster,tmv-KovZ917AIrG,75
FarmJam,Colville,WA,,,West,Venue,,,,,Ticketmaster,tmv-KovZ917ANVi,75
ilani Garage Rooftop,Ridgefield,WA,,,West,Venue,,,,,Ticketmaster,tmv-KovZ917ARTj,75
Madame Lou's,Seattle,WA,,,West,Venue,,,,,Ticketmaster,tmv-KovZ917AYIq,75
BECU Live at Northern Quest,Airway Heights,WA,,,West,Venue,,,,,Ticketmaster,tmv-KovZ917AiIF,75
Washougal MX Park,Washougal,WA,,,West,Venue,,,,,Ticketmaster,tmv-KovZ917Am1k,75
First Interstate Center for the Arts,Spokane,WA,,,West,Venue,,,,,Ticketmaster,tmv-KovZ917AxcJ,75
Marymoor Park,Redmond,WA,,,West,Venue,,,,,Ticketmaster,tmv-KovZpZA1JAkA,75
Spokane Arena,Spokane,WA,,,West,Arena,,,,,Ticketmaster,tmv-KovZpZA1eklA,75
Pier 62/63,Seattle,WA,,,West,Venue,,,,,Ticketmaster,tmv-KovZpZA1tEIA,75
Town Toyota Center - Wenatchee,Wenatchee,WA,,,West,Venue,,,,,Ticketmaster,tmv-KovZpZAE6FIA,75
Clock-Out Lounge,Seattle,WA,,,West,Venue,,,,,Ticketmaster,tmv-KovZpZAFal7A,75
accesso ShoWare Center,Kent,WA,,,West,Venue,,,,,Ticketmaster,tmv-KovZpZAJvdEA,75
Benaroya Hall - Nordstrom Recital Hall,Seattle,WA,,,West,Hall,,,,,Ticketmaster,tmv-KovZpZAaIAkA,75
El Corazon,Seattle,WA,,,West,Venue,,,,,Ticketmaster,tmv-KovZpZAaIkkA,75
Mount Baker Theatre,Bellingham,WA,,All Ages,West,Theatre,,,,,Ticketmaster,tmv-KovZpZAdEEdA,78
Capitol Theatre,Yakima,WA,,All Ages,West,Theatre,,,,,Ticketmaster,tmv-KovZpZAdnInA,78
ShoWare Center,Kent,WA,,,West,Venue,,,,,Ticketmaster,tmv-KovZpZAktAaA,75
The 5th Avenue Theatre,Seattle,WA,,,West,Theatre,,,,,Ticketmaster,tmv-KovZpa3Mze,75
Showbox SODO,Seattle,WA,,All Ages,West,Venue,,,,,Ticketmaster,tmv-KovZpa6Mee,78
Washington Center for the Performing Arts,Olympia,WA,,All Ages,West,Venue,,,,,Ticketmaster,tmv-KovZpa92ke,78
Nectar Lounge,Seattle,WA,,,West,Venue,,,,,Ticketmaster,tmv-KovZpapCme,75
Beasley Coliseum,Pullman,WA,,,West,Venue,,,,,Ticketmaster,tmv-Z6r9jZe6Ae,75
Ballard Homestead,Seattle,WA,,,West,Venue,,,,,Ticketmaster,tmv-Z7r9jZa7a_,75
Substation Seattle,Seattle,WA,,,West,Venue,,,,,Ticketmaster,tmv-Z7r9jZa7eN,75
BECU Live Outdoor Venue,Airway Heights,WA,,,West,Venue,,,,,Ticketmaster,tmv-Z7r9jZaA7_,75
Royal Banquet and Conference Hall,Everett,WA,,,West,Hall,,,,,Ticketmaster,tmv-Z7r9jZaABd,75
Basin City Arena,Mesa,WA,,,West,Arena,,,,,Ticketmaster,tmv-Z7r9jZaAFj,75
Coulee City Rodeo Grounds,Coulee City,WA,,,West,Venue,,,,,Ticketmaster,tmv-Z7r9jZaAL9,75
El Metropolitan Banquet Hall LLC,Renton,WA,,,West,Hall,,,,,Ticketmaster,tmv-Z7r9jZaAO7,75
Dune Peninsula,Tacoma,WA,,,West,Venue,,,,,Ticketmaster,tmv-Z7r9jZaAQw,75
La Nueva Centinela,Outlook,WA,,,West,Venue,,,,,Ticketmaster,tmv-Z7r9jZaAXc,75
Kent Vineyard,Kent,WA,,,West,Venue,,,,,Ticketmaster,tmv-Z7r9jZaAXo,75
Fisher Pavilion,Seattle,WA,,,West,Pavilion,,,,,Ticketmaster,tmv-Z7r9jZaAZQ,75
Magnuson Park Hangar 30,Seattle,WA,,,West,Venue,,,,,Ticketmaster,tmv-Z7r9jZaAZj,75
Victory Hall at The Boxyard,Seattle,WA,,,West,Hall,,,,,Ticketmaster,tmv-Z7r9jZaAqC,75
Kings Hall at APEX Art & Culture Center,Everett,WA,,,West,Hall,,,,,Ticketmaster,tmv-Z7r9jZaAqV,75
SOZO Sports Complex,Yakima,WA,,,West,Venue,,,,,Ticketmaster,tmv-Z7r9jZaAwe,75
The Chameleon - WA,Spokane,WA,,,West,Venue,,,,,Ticketmaster,tmv-Z7r9jZaAwf,75
Plaza La Poderosa R-12,Spanaway,WA,,,West,Venue,,,,,Ticketmaster,tmv-Z7r9jZaAyJ,75
Calvary Spokane,Spokane,WA,,,West,Venue,,,,,Ticketmaster,tmv-Z7r9jZadIV,75
Funhouse,Seattle,WA,,,West,Venue,,,,,Ticketmaster,tmv-Z7r9jZadJk,75
Federal Way PAEC,Federal Way,WA,,,West,Venue,,,,,Ticketmaster,tmv-Z7r9jZadKL,75
Q Nightclub,Seattle,WA,,,West,Club,,,,,Ticketmaster,tmv-Z7r9jZadV7,75
Bohler Gymnasium,Pullman,WA,,,West,Venue,,,,,Ticketmaster,tmv-Z7r9jZadXm,75
Washougal MX Park,Washougal,WA,,,West,Venue,,,,,Ticketmaster,tmv-Z7r9jZadnJ,75
Ellensburg Rodeo Grounds,Ellensburg,WA,,,West,Venue,,,,,Ticketmaster,tmv-Z7r9jZadtP,75
Rancho La Huerta,Everett,WA,,,West,Venue,,,,,Ticketmaster,tmv-Z7r9jZaka_,75
Under the Big Top King Countys Marymoor Park,Seattle,WA,,,West,Venue,,,,,Ticketmaster,tmv-Z7r9jZakkt,75
ACT Theatre,Seattle,WA,,,West,Theatre,,,,,Ticketmaster,tmv-ZAr9jZ1e-x,75
Northwest Washington Fair,Lynden,WA,,,West,Venue,,,,,Ticketmaster,tmv-ZFr9jZFdek,75
Kirkland Performance Center,Kirkland,WA,,,West,Venue,,,,,Ticketmaster,tmv-ZFr9jZk167,75
WAMU Theater Parking,Seattle,WA,,,West,Theatre,,,,,Ticketmaster,tmv-Za5ju3rKuqZBGuhEotXcdmbNOzr49ub6r,75
Gorge Amp,George,WA,,,West,Venue,,,,,Ticketmaster,tmv-Za5ju3rKuqZBN4RFvXEvFFyQ0lpuAKpKN,75
Pier 58,Seattle,WA,,,West,Venue,,,,,Ticketmaster,tmv-Za5ju3rKuqZDdE_0srKXv6Kla4rYvnNto8,75
White River Amp,Auburn,WA,,,West,Venue,,,,,Ticketmaster,tmv-Za5ju3rKuqZDei-eRAIZsuDzO6qZlCXTK5,75
BECU Live at Northern Quest,Airway Heights,WA,,,West,Venue,,,,,Ticketmaster,tmv-Za5ju3rKuqZDvtApvSEZakNBn-dinnjFoZ,75
The Funhouse,Seattle,WA,,,West,Venue,,,,,Ticketmaster,tmv-rZ7HnEZ1734qg,75
Westlake Park,Seattle ,WA,,,West,Venue,,,,,Ticketmaster,tmv-rZ7HnEZ174Iqz,75
Union Square,Seattle,WA,,,West,Venue,,,,,Ticketmaster,tmv-rZ7HnEZ17_0_d,75
Hotel Crocodile,Seattle,WA,,,West,Venue,,,,,Ticketmaster,tmv-rZ7HnEZ17_3qS,75
999 Building - Seattle,Seattle,WA,,,West,Venue,,,,,Ticketmaster,tmv-rZ7HnEZ17__1d,75
Bell Street Park,Seattle,WA,,,West,Venue,,,,,Ticketmaster,tmv-rZ7HnEZ17__FN,75
Rainier Square,Seattle,WA,,,West,Venue,,,,,Ticketmaster,tmv-rZ7HnEZ17__aN,75
Here - After,Seattle,WA,,,West,Venue,,,,,Ticketmaster,tmv-rZ7HnEZ17fZrA,75
Substation,Seattle,WA,,,West,Venue,,,,,Ticketmaster,tmv-rZ7HnEZ17fekA,75
Occidental Square,Seattle,WA,,,West,Venue,,,,,Ticketmaster,tmv-rZ7HnEZ17p7qz,75
Hidden Hall,Seattle,WA,,,West,Hall,,,,,Ticketmaster,tmv-rZ7HnEZ17q0Of,75
Occidental Mall,Seattle,WA,,,West,Venue,,,,,Ticketmaster,tmv-rZ7HnEZ17qJqV,75
1200 5th St, Seattle,WA,,,West,Venue,,,,,Ticketmaster,tmv-rZ7HnEZ17qPC7,75
Railroad Way North,Seattle,WA,,,West,Venue,,,,,Ticketmaster,tmv-rZ7HnEZ17qPuV,75
Starfire Sports,Tukwila,WA,,,West,Venue,,,,,Ticketmaster,tmv-KovZpapC8e,75
Seahawks Training Camp at Virginia Mason Athletic Center,Renton,WA,,,West,Venue,,,,,Ticketmaster,tmv-KovZ917AR4Q,75
Showbox SoDo,Seattle,WA,,All Ages,West,Venue,,,,,Ticketmaster,tmv-KovZpZAE777A,78
Outdoor Entertainment Center,Ridgefield,WA,,,West,Venue,,,,,Ticketmaster,tmv-KovZ917AEZY,75
Town Hall,Seattle,WA,,,West,Hall,,,,,Ticketmaster,tmv-KovZpZA1vl6A,75
Fort Worden,Port Townsend,WA,,,West,Venue,,,,,Ticketmaster,tmv-KovZ917AhlB,75
Columbia City Theater,Seattle,WA,,,West,Theatre,,,,,Ticketmaster,tmv-KovZpZA7d1JA,75
St. Marks Cathedral,Seattle,WA,,,West,Venue,,,,,Ticketmaster,tmv-KovZpapb0e,75
Langston Hughes Performing Arts Institute,Seattle,WA,,All Ages,West,Venue,,,,,Ticketmaster,tmv-KovZpZA7vn7A,78
White Horse Golf Club,Kingston,WA,,,West,Club,,,,,Ticketmaster,tmv-KovZ917AOpG,75
Rose & Thorn,Ridgefield,WA,,,West,Venue,,,,,Ticketmaster,tmv-KovZ917AEv7,75
Cornish Playhouse,Seattle,WA,,,West,Venue,,,,,Ticketmaster,tmv-KovZpaGjHe,75
Kiana Lodge,Poulsbo,WA,,,West,Venue,,,,,Ticketmaster,tmv-KovZ917AJ9G,75
Lucky You Lounge,Spokane,WA,,,West,Venue,,,,,Ticketmaster,tmv-KovZ917AI5Y,75
Michael Jordan's Steakhouse,Ridgefield,WA,,,West,Venue,,,,,Ticketmaster,tmv-KovZ917AEvC,75
Muze Lounge,Ridgefield,WA,,,West,Venue,,,,,Ticketmaster,tmv-KovZ917AEZB,75
Line & Lure,Ridgefield,WA,,,West,Venue,,,,,Ticketmaster,tmv-KovZ917AEvb,75
Bella Vista,Ridgefield,WA,,,West,Venue,,,,,Ticketmaster,tmv-KovZ917AiDn,75
Seattle University Redhawk Center,Seattle,WA,,,West,Venue,,,,,Ticketmaster,tmv-KovZpZA1evEA,75
Bannerwood Park,Bellevue,WA,,,West,Venue,,,,,Ticketmaster,tmv-KovZpZA1kdlA,75
Erickson Theatre Off Broadway,Seattle,WA,,,West,Theatre,,,,,Ticketmaster,tmv-KovZ917A9C7,75
Fawcett Hall at Alma Mater,Tacoma,WA,,,West,Hall,,,,,Ticketmaster,tmv-KovZ917AJ81,75
White River Amphitheatre-Lawn Chair,Auburn,WA,,,West,Amphitheatre,,,,,Ticketmaster,tmv-KovZ917A-Jn,75
Myrtle Edwards Park,Seattle,WA,,,West,Venue,,,,,Ticketmaster,tmv-KovZ917A-wU,75
Wheel-In Motor Movie,Port Townsend,WA,,,West,Venue,,,,,Ticketmaster,tmv-KovZ917A0kp,75
Chambers Bay Golf Course,University Place,WA,,,West,Venue,,,,,Ticketmaster,tmv-KovZ917A270,75
Bing Crosby Theater,Spokane,WA,,,West,Theatre,,,,,Ticketmaster,tmv-KovZ917A2d7,75
Star Theatre,Spokane,WA,,,West,Theatre,,,,,Ticketmaster,tmv-KovZ917A2n7,75
Skokomish Valley Grange,Olympia,WA,,,West,Venue,,,,,Ticketmaster,tmv-KovZ917A2y0,75
1700 7th Ave Garage,Seattle,WA,,,West,Venue,,,,,Ticketmaster,tmv-KovZ917A5lf,75
The Shakedown,Bellingham,WA,,,West,Venue,,,,,Ticketmaster,tmv-KovZ917A5zf,75
Islander Yacht,Seattle,WA,,,West,Venue,,,,,Ticketmaster,tmv-KovZ917ACTV,75
Christmas in Color - Federal Way,Federal Way,WA,,,West,Venue,,,,,Ticketmaster,tmv-KovZ917AEjm,75
MattressFIRM Showplex,Puyallup,WA,,,West,Venue,,,,,Ticketmaster,tmv-KovZ917AI1G,75
Husky Track,Seattle,WA,,,West,Venue,,,,,Ticketmaster,tmv-KovZ917AI2X,75
Wine Country Amphitheater,Walla Walla,WA,,,West,Amphitheatre,,,,,Ticketmaster,tmv-KovZ917AIk3,75
Kraken Community Iceplex,Seattle,WA,,,West,Venue,,,,,Ticketmaster,tmv-KovZ917AJBG,75
Secret Location - Seattle,Seattle,WA,,,West,Venue,,,,,Ticketmaster,tmv-KovZ917AJkI,75
The Hub at Lacey,Lacey,WA,,,West,Venue,,,,,Ticketmaster,tmv-KovZ917ALbf,75
Tumwater High School,Tumwater,WA,,,West,Venue,,,,,Ticketmaster,tmv-KovZ917ALji,75
Uptown Theatre,Richland,WA,,,West,Theatre,,,,,Ticketmaster,tmv-KovZ917ALuU,75
Living Faith Fellowship,Pullman,WA,,,West,Venue,,,,,Ticketmaster,tmv-KovZ917ANNn,75
Evergreen Christian Community,Olympia,WA,,,West,Venue,,,,,Ticketmaster,tmv-KovZ917ANNp,75
Mural Amphitheatre at Seattle Center,Seattle,WA,,,West,Amphitheatre,,,,,Ticketmaster,tmv-KovZ917ANex,75
Christian Faith Center - Everett,Everett,WA,,,West,Venue,,,,,Ticketmaster,tmv-KovZ917ANx0,75
Tap House & Eatery at Ben Moore’s,Olympia,WA,,,West,Venue,,,,,Ticketmaster,tmv-KovZ917AO1Z,75
Chehalis Eagles,Chehalis,WA,,,West,Venue,,,,,Ticketmaster,tmv-KovZ917AO8k,75
Oly Underground,Olympia,WA,,,West,Venue,,,,,Ticketmaster,tmv-KovZ917AOfH,75
"Tarte Cider, LLC",Olympia,WA,,,West,Venue,,,,,Ticketmaster,tmv-KovZ917AOfw,75
McGavick Conference Center,Lakewood,WA,,,West,Venue,,,,,Ticketmaster,tmv-KovZ917AOnX,75
Kraken Team Store,Seattle,WA,,,West,Venue,,,,,Ticketmaster,tmv-KovZ917AP6X,75
Kraken Training Center,Seattle,WA,,,West,Venue,,,,,Ticketmaster,tmv-KovZ917API1,75
Everett Community Ice Rink,Everett,WA,,,West,Venue,,,,,Ticketmaster,tmv-KovZ917APgj,75
Meridian Habitat Park,Puyallup,WA,,,West,Venue,,,,,Ticketmaster,tmv-KovZ917APv8,75
LIT Immersive,Seattle,WA,,,West,Venue,,,,,Ticketmaster,tmv-KovZ917ARDi,75
Rock & Brews,Ridgefield,WA,,,West,Venue,,,,,Ticketmaster,tmv-KovZ917ARZI,75
Gas Works Park,Seattle,WA,,,West,Venue,,,,,Ticketmaster,tmv-KovZ917AR_f,75
Esther Short Park and Playground,Vancouver,WA,,,West,Venue,,,,,Ticketmaster,tmv-KovZ917AY0r,75
Kerry Hall,Seattle,WA,,,West,Hall,,,,,Ticketmaster,tmv-KovZ917AYPu,75
Box Car Park,Everett,WA,,,West,Venue,,,,,Ticketmaster,tmv-KovZ917AYra,75
Ritzville Lion's Club & Legion Hall,Ritzville,WA,,,West,Hall,,,,,Ticketmaster,tmv-KovZ917AYt1,75
Kremwerk,Seattle,WA,,,West,Venue,,,,,Ticketmaster,tmv-KovZ917AcMG,75
Massive,Seattle,WA,,,West,Venue,,,,,Ticketmaster,tmv-KovZ917AcMe,75
Clearwater RV Lot,Suquamish,WA,,,West,Venue,,,,,Ticketmaster,tmv-KovZ917Aceb,75
Timberline High School,Lacey,WA,,,West,Venue,,,,,Ticketmaster,tmv-KovZ917AhYJ,75
Hotel Lobby,Ridgefield,WA,,,West,Venue,,,,,Ticketmaster,tmv-KovZ917AiDV,75
Hotel Pool Patio,Ridgefield,WA,,,West,Venue,,,,,Ticketmaster,tmv-KovZ917AiUO,75
ilani Junior Ballroom,Ridgefield,WA,,,West,Ballroom,,,,,Ticketmaster,tmv-KovZ917AmOY,75
Bamboo 8,Ridgefield,WA,,,West,Venue,,,,,Ticketmaster,tmv-KovZ917AtEf,75
Hyatt Regency Seattle,Seattle,WA,,,West,Venue,,,,,Ticketmaster,tmv-KovZ917Atc0,75
Carnation Farms,Carnation,WA,,,West,Venue,,,,,Ticketmaster,tmv-KovZ917AtqI,75
Lindbloom Student Center,Auburn,WA,,,West,Venue,,,,,Ticketmaster,tmv-KovZpZA116lA,75
Kane Hall at The University of Washington,Seattle,WA,,,West,Hall,,,,,Ticketmaster,tmv-KovZpZA116nA,75
Green River Community College,Auburn,WA,,,West,Venue,,,,,Ticketmaster,tmv-KovZpZA116tA,75
Maggie Otooles Nightclub,Lakewood,WA,,,West,Club,,,,,Ticketmaster,tmv-KovZpZA11E1A,75
Guild 45th Theatre,Seattle,WA,,,West,Theatre,,,,,Ticketmaster,tmv-KovZpZA11EEA,75
Mirabeau Room,Seattle,WA,,,West,Venue,,,,,Ticketmaster,tmv-KovZpZA11EFA,75
Highline Community College Gym,Seattle,WA,,,West,Venue,,,,,Ticketmaster,tmv-KovZpZA11FJA,75
Go Club,Olympia,WA,,,West,Club,,,,,Ticketmaster,tmv-KovZpZA11FnA,75
Mariner High School,Everett,WA,,,West,Venue,,,,,Ticketmaster,tmv-KovZpZA11FtA,75
Mothership,Milton,WA,,,West,Venue,,,,,Ticketmaster,tmv-KovZpZA11l6A,75
Henry Art Gallery,Seattle,WA,,,West,Venue,,,,,Ticketmaster,tmv-KovZpZA11lIA,75
New Everett Theatre,Everett,WA,,All Ages,West,Theatre,,,,,Ticketmaster,tmv-KovZpZA11laA,78
Kitsap Pavilion,Bremerton,WA,,,West,Pavilion,,,,,Ticketmaster,tmv-KovZpZA11ldA,75
Hub Ballroom,Seattle,WA,,All Ages,West,Ballroom,,,,,Ticketmaster,tmv-KovZpZA11lvA,78
Miracle Ranch,Port Orchard,WA,,All Ages,West,Venue,,,,,Ticketmaster,tmv-KovZpZA1J7IA,78
The Seasons Performance Hall,Yakima,WA,,,West,Hall,,,,,Ticketmaster,tmv-KovZpZA1e6JA,75
TURNING POINT OPEN BIBLE,Spokane,WA,,,West,Venue,,,,,Ticketmaster,tmv-KovZpZA1evlA,75
THE SERVICE STATION,Spokane,WA,,,West,Venue,,,,,Ticketmaster,tmv-KovZpZA1evnA,75
Bellevue Doubletree Hotel,Bellevue,WA,,,West,Venue,,,,,Ticketmaster,tmv-KovZpZA1kaEA,75
Columbia Theatre for Performing Arts,Longview,WA,,,West,Theatre,,,,,Ticketmaster,tmv-KovZpZA1kaIA,75
Best Western Executive Inn,Tacoma,WA,,All Ages,West,Venue,,,,,Ticketmaster,tmv-KovZpZA1kalA,78
Cinerama,Seattle,WA,,,West,Venue,,,,,Ticketmaster,tmv-KovZpZA1kdJA,75
Bethel Christian,Seattle,WA,,,West,Venue,,,,,Ticketmaster,tmv-KovZpZA1keIA,75
Crown Plaza Hotel,Seattle,WA,,,West,Venue,,,,,Ticketmaster,tmv-KovZpZA1kelA,75
Wilson High School,Tacoma,WA,,,West,Venue,,,,,Ticketmaster,tmv-KovZpZA1lJ1A,75
YAKIMA CAPITOL THEATRE,Yakima,WA,,All Ages,West,Theatre,,,,,Ticketmaster,tmv-KovZpZA1lJ6A,78
Uw School of Music,Seattle,WA,,,West,Venue,,,,,Ticketmaster,tmv-KovZpZA1lJEA,75
Yakima Valley Sundome,Yakima,WA,,,West,Venue,,,,,Ticketmaster,tmv-KovZpZA1lknA,75
The Clipper,Olympia,WA,,,West,Venue,,,,,Ticketmaster,tmv-KovZpZA1nevA,75
Royal Restaurant and Lounge,Bellingham,WA,,,West,Venue,,,,,Ticketmaster,tmv-KovZpZA1nv1A,75
Northgate Theatre,Seattle,WA,,All Ages,West,Theatre,,,,,Ticketmaster,tmv-KovZpZA1nv6A,78
Toppenish Rodeo Grounds,Toppenish,WA,,,West,Venue,,,,,Ticketmaster,tmv-KovZpZA1nvAA,75
Tacoma Sports Arena,Tacoma,WA,,,West,Arena,,,,,Ticketmaster,tmv-KovZpZA1nvJA,75
Spoken Image Destiny Center,Kent,WA,,,West,Venue,,,,,Ticketmaster,tmv-KovZpZA1nvdA,75
The Vault,Tacoma,WA,,,West,Venue,,,,,Ticketmaster,tmv-KovZpZA1nveA,75
Shorewood High School,Seattle,WA,,,West,Venue,,,,,Ticketmaster,tmv-KovZpZA1nvkA,75
The Hideaway,Seattle,WA,,,West,Venue,,,,,Ticketmaster,tmv-KovZpZA1nvtA,75
University Plaza Hotel,Seattle,WA,,,West,Venue,,,,,Ticketmaster,tmv-KovZpZA1nvvA,75
Space Needle,Seattle,WA,,,West,Venue,,,,,Ticketmaster,tmv-KovZpZA1t1lA,75
Seattle Sheraton Hotel,Seattle,WA,,All Ages,West,Venue,,,,,Ticketmaster,tmv-KovZpZA1t1nA,78
Seattle Center Opera House,Seattle,WA,,,West,Venue,,,,,Ticketmaster,tmv-KovZpZA1t1tA,75
Sit and Spin,Seattle,WA,,,West,Venue,,,,,Ticketmaster,tmv-KovZpZA1tE7A,75
The 5050 Building,Seattle,WA,,,West,Venue,,,,,Ticketmaster,tmv-KovZpZA1tEEA,75
Omak Stampede,Omak,WA,,,West,Venue,,,,,Ticketmaster,tmv-KovZpZA1tEFA,75
Novos,Tacoma,WA,,,West,Venue,,,,,Ticketmaster,tmv-KovZpZA1tEJA,75
Outback Jacks,Spokane,WA,,,West,Venue,,,,,Ticketmaster,tmv-KovZpZA1tEeA,75
The Forbidden City,Seattle,WA,,,West,Venue,,,,,Ticketmaster,tmv-KovZpZA1tEkA,75
Seattle Design Center,Seattle,WA,,,West,Venue,,,,,Ticketmaster,tmv-KovZpZA1tElA,75
Poncho Concert Hall At Cornish College O,Seattle,WA,,,West,Hall,,,,,Ticketmaster,tmv-KovZpZA1tEnA,75
Polestar Music Gallery,Seattle,WA,,,West,Venue,,,,,Ticketmaster,tmv-KovZpZA1tEtA,75
Rainier Valley Cultural Center,Seattle,WA,,,West,Venue,,,,,Ticketmaster,tmv-KovZpZA1tEvA,75
SODO Park,Seattle,WA,,,West,Venue,,,,,Ticketmaster,tmv-KovZpZA1tI1A,75
Northwest Arts Center,Bellevue,WA,,,West,Venue,,,,,Ticketmaster,tmv-KovZpZA1tI7A,75
Quality Inn Hotel,Everett,WA,,,West,Venue,,,,,Ticketmaster,tmv-KovZpZA1tIeA,75
Radisson Hotel,Seattle,WA,,,West,Venue,,,,,Ticketmaster,tmv-KovZpZA1tIvA,75
Port Angeles High School,Port Angeles,WA,,,West,Venue,,,,,Ticketmaster,tmv-KovZpZA1tJ1A,75
Summit At Snoqualmie,Snoqualmie Ps,WA,,All Ages,West,Venue,,,,,Ticketmaster,tmv-KovZpZA1tJ7A,78
Shark Club,Kirkland,WA,,,West,Club,,,,,Ticketmaster,tmv-KovZpZA1tJEA,75
Tacoma Community College Theatre,Tacoma,WA,,All Ages,West,Theatre,,,,,Ticketmaster,tmv-KovZpZA1tJFA,78
Royal Durst Theatre,Vancouver,WA,,,West,Theatre,,,,,Ticketmaster,tmv-KovZpZA1tJJA,75
Ruperts,Seattle,WA,,,West,Venue,,,,,Ticketmaster,tmv-KovZpZA1tJaA,75
Planet Hollywood,Seattle,WA,,,West,Venue,,,,,Ticketmaster,tmv-KovZpZA1tJkA,75
Seattle Center Flag Pavillion,Seattle,WA,,,West,Venue,,,,,Ticketmaster,tmv-KovZpZA1tJtA,75
The Paradox,Seattle,WA,,All Ages,West,Venue,,,,,Ticketmaster,tmv-KovZpZA1tl1A,78
Royal Bear,Algona,WA,,,West,Venue,,,,,Ticketmaster,tmv-KovZpZA1tl6A,75
Salty's On Alki,Seattle,WA,,,West,Venue,,,,,Ticketmaster,tmv-KovZpZA1tl7A,75
Rivers Edge Christmas Tree Farm,Deming,WA,,All Ages,West,Venue,,,,,Ticketmaster,tmv-KovZpZA1tlAA,78
Nu Black Arts West Theatre,Seattle,WA,,All Ages,West,Theatre,,,,,Ticketmaster,tmv-KovZpZA1tlFA,78
Rainier Dance Studio,Seattle,WA,,All Ages,West,Venue,,,,,Ticketmaster,tmv-KovZpZA1tlIA,78
Parkers,Seattle,WA,,,West,Venue,,,,,Ticketmaster,tmv-KovZpZA1tldA,75
Theatre Off Jackson,Seattle,WA,,,West,Theatre,,,,,Ticketmaster,tmv-KovZpZA1tlkA,75
Sand Point Education Center,Seattle,WA,,,West,Venue,,,,,Ticketmaster,tmv-KovZpZA1tlnA,75
NW Trek,Eatonville,WA,,,West,Venue,,,,,Ticketmaster,tmv-KovZpZA1tlvA,75
Seattle Center Mercer Arts Arena,Seattle,WA,,,West,Arena,,,,,Ticketmaster,tmv-KovZpZA1tnIA,75
On the Boards,Seattle,WA,,,West,Venue,,,,,Ticketmaster,tmv-KovZpZA1tnnA,75
South Lake Union Naval Reserve,Seattle,WA,,,West,Venue,,,,,Ticketmaster,tmv-KovZpZA1vFEA,75
Meany Theatre,Seattle,WA,,,West,Theatre,,,,,Ticketmaster,tmv-KovZpZA1vFIA,75
Richland High School Auditorium,Richland,WA,,All Ages,West,Auditorium,,,,,Ticketmaster,tmv-KovZpZA1vlAA,78
SW Athletic Complex,Seattle,WA,,,West,Venue,,,,,Ticketmaster,tmv-KovZpZA1vllA,75
Marymoor - Cycling Track,Redmond,WA,,,West,Venue,,,,,Ticketmaster,tmv-KovZpZA1vltA,75
Nonvenue,Seattle,WA,,,West,Venue,,,,,Ticketmaster,tmv-KovZpZA1vnIA,75
PIGOTT AUDITORIUM,Seattle,WA,,,West,Auditorium,,,,,Ticketmaster,tmv-KovZpZA1vnnA,75
Meydenbauer Center,Bellevue,WA,,,West,Venue,,,,,Ticketmaster,tmv-KovZpZA1vntA,75
Hidden Hall,Seattle,WA,,,West,Hall,,,,,Ticketmaster,tmv-KovZpZA6knaA,75
Riverfront Park,Spokane,WA,,,West,Venue,,,,,Ticketmaster,tmv-KovZpZA6v6tA,75
Westin Hotel,Seattle,WA,,All Ages,West,Venue,,,,,Ticketmaster,tmv-KovZpZA7dvnA,78
Leo K Theatre At Seattle Repertory Theatre,Seattle,WA,,All Ages,West,Theatre,,,,,Ticketmaster,tmv-KovZpZA7eJFA,78
Mountain View Ice Arena,Vancouver,WA,,,West,Arena,,,,,Ticketmaster,tmv-KovZpZA7vlAA,75
The Triple Door - Theater,Seattle,WA,,,West,Theatre,,,,,Ticketmaster,tmv-KovZpZAE6AAA,75
WASHINGTON STATE FAIR,Puyallup,WA,,,West,Venue,,,,,Ticketmaster,tmv-KovZpZAE77dA,75
River Park Square (Roof),Spokane,WA,,,West,Venue,,,,,Ticketmaster,tmv-KovZpZAEAakA,75
Benton Franklin Fair & Rodeo,Kennewick,WA,,,West,Venue,,,,,Ticketmaster,tmv-KovZpZAEdJ1A,75
The Triple Door - Musicquarium,Seattle,WA,,,West,Venue,,,,,Ticketmaster,tmv-KovZpZAEkE6A,75
McCarthey Athletic Center,Spokane,WA,,,West,Venue,,,,,Ticketmaster,tmv-KovZpZAEklvA,75
The Vogue Theatre,"Vancouver, BC",WA,,,West,Theatre,,,,,Ticketmaster,tmv-KovZpZAF1JJA,75
Maryhill Winery & Amphitheater,Goldendale,WA,,,West,Amphitheatre,,,,,Ticketmaster,tmv-KovZpZAFF7EA,75
Edmonds Center for the Arts,Edmonds,WA,,,West,Venue,,,,,Ticketmaster,tmv-KovZpZAFF7IA,75
University of Puget Sound,Tacoma,WA,,,West,Venue,,,,,Ticketmaster,tmv-KovZpZAFF7JA,75
Freight House Station,Tacoma,WA,,,West,Venue,,,,,Ticketmaster,tmv-KovZpZAFF7nA,75
Jazzbones Nightclub and Restaurant,Tacoma,WA,,,West,Club,,,,,Ticketmaster,tmv-KovZpZAFFEvA,75
Pierce College,Puyallup,WA,,,West,Venue,,,,,Ticketmaster,tmv-KovZpZAFFJ1A,75
Jimmy Z,Everett,WA,,,West,Venue,,,,,Ticketmaster,tmv-KovZpZAFFJ7A,75
Pacific Science Center,Seattle,WA,,All Ages,West,Venue,,,,,Ticketmaster,tmv-KovZpZAFFJAA,78
Liberty Theater,Puyallup,WA,,,West,Theatre,,,,,Ticketmaster,tmv-KovZpZAFFJEA,75
Fenix Underground,Seattle,WA,,,West,Venue,,,,,Ticketmaster,tmv-KovZpZAFFJdA,75
Seattle Center Exhibition Hall,Seattle,WA,,All Ages,West,Hall,,,,,Ticketmaster,tmv-KovZpZAFFJeA,78
Bluwater Bistro,Seattle,WA,,,West,Venue,,,,,Ticketmaster,tmv-KovZpZAFFJlA,75
Broadway Center Rehearsal Hall,Tacoma,WA,,,West,Hall,,,,,Ticketmaster,tmv-KovZpZAFFJtA,75
The A Club,Spokane,WA,,,West,Club,,,,,Ticketmaster,tmv-KovZpZAFI7tA,75
Suncadia,Cle Elum,WA,,,West,Venue,,,,,Ticketmaster,tmv-KovZpZAFIaAA,75
Vera Project,Seattle,WA,,,West,Venue,,,,,Ticketmaster,tmv-KovZpZAFIaIA,75
Village Theatre,Issaquah,WA,,,West,Theatre,,,,,Ticketmaster,tmv-KovZpZAFkknA,75
Seattle Center,Seattle,WA,,,West,Venue,,,,,Ticketmaster,tmv-KovZpZAFkktA,75
Tacoma Dome Exhibition Hall,Tacoma,WA,,,West,Hall,,,,,Ticketmaster,tmv-KovZpZAFkvIA,75
Jazz Alley,Seattle,WA,,All Ages,West,Venue,,,,,Ticketmaster,tmv-KovZpZAFkvnA,78
Swiftwater Cellars,Cle Elum,WA,,,West,Venue,,,,,Ticketmaster,tmv-KovZpZAFndEA,75
The Range Amphitheater at Walla Walla,Walla Walla,WA,,,West,Amphitheatre,,,,,Ticketmaster,tmv-KovZpZAFtenA,75
Roxbury Lanes,Seattle,WA,,,West,Venue,,,,,Ticketmaster,tmv-KovZpZAFtkeA,75
The Bartlett,Spokane,WA,,,West,Venue,,,,,Ticketmaster,tmv-KovZpZAId1AA,75
EXPAPP Venue - SEA,Seattle,WA,,,West,Venue,,,,,Ticketmaster,tmv-KovZpZAJ67FA,75
Palmer Coking Coal,Black Diamond,WA,,,West,Venue,,,,,Ticketmaster,tmv-KovZpZAJ6EAA,75
XFINITY Arena,Everett,WA,,,West,Arena,,,,,Ticketmaster,tmv-KovZpZAJEteA,75
Comedy Underground - Seattle,Seattle,WA,,,West,Venue,,,,,Ticketmaster,tmv-KovZpZAJFvJA,75
reuse,Seattle,WA,,,West,Venue,,,,,Ticketmaster,tmv-KovZpZAJavkA,75
Showbox SODO Lounge,Seattle,WA,,,West,Venue,,,,,Ticketmaster,tmv-KovZpZAJvEJA,75
Whitehorse Mountain Amphitheatre,Darrington,WA,,,West,Amphitheatre,,,,,Ticketmaster,tmv-KovZpZAJvd1A,75
Western Washington University,Bellingham,WA,,,West,Venue,,,,,Ticketmaster,tmv-KovZpZAJvdJA,75
Bell Harbor Conference Center,Seattle,WA,,All Ages,West,Venue,,,,,Ticketmaster,tmv-KovZpZAaIA7A,78
Fabulous Firwood Restaurant,Fife,WA,,,West,Venue,,,,,Ticketmaster,tmv-KovZpZAaIAEA,75
Graceland,Seattle,WA,,All Ages,West,Venue,,,,,Ticketmaster,tmv-KovZpZAaIAaA,78
Christian Faith Center,Federal Way,WA,,,West,Venue,,,,,Ticketmaster,tmv-KovZpZAaIAdA,75
Everett Civic Auditorium,Everett,WA,,,West,Auditorium,,,,,Ticketmaster,tmv-KovZpZAaIAeA,75
Bagley Wright Theatre,Seattle,WA,,,West,Theatre,,,,,Ticketmaster,tmv-KovZpZAaIAvA,75
Catwalk,Seattle,WA,,,West,Venue,,,,,Ticketmaster,tmv-KovZpZAaIE6A,75
Lakeside School,Seattle,WA,,,West,Venue,,,,,Ticketmaster,tmv-KovZpZAaIE7A,75
China Harbor,Seattle,WA,,,West,Venue,,,,,Ticketmaster,tmv-KovZpZAaIEAA,75
Club Broadway,Everett,WA,,,West,Club,,,,,Ticketmaster,tmv-KovZpZAaIEdA,75
Embassy Suites,Lynnwood,WA,,,West,Venue,,,,,Ticketmaster,tmv-KovZpZAaIEeA,75
High Dive,Seattle,WA,,,West,Venue,,,,,Ticketmaster,tmv-KovZpZAaIElA,75
Capitol Hill Arts Center,Seattle,WA,,,West,Venue,,,,,Ticketmaster,tmv-KovZpZAaIIdA,75
King Cat Theatre,Seattle,WA,,,West,Theatre,,,,,Ticketmaster,tmv-KovZpZAaIJnA,75
Club 6th Ave,Tacoma,WA,,,West,Club,,,,,Ticketmaster,tmv-KovZpZAaIk1A,75
First Avenue North Garage,Seattle,WA,,,West,Venue,,,,,Ticketmaster,tmv-KovZpZAaIk7A,75
Flying M Stables,Olympia,WA,,,West,Venue,,,,,Ticketmaster,tmv-KovZpZAaIkFA,75
Admiral Theatre,Bremerton,WA,,,West,Theatre,,,,,Ticketmaster,tmv-KovZpZAaaJlA,75
The Underground,Bellingham,WA,,,West,Venue,,,,,Ticketmaster,tmv-KovZpZAavdnA,75
Fisher Pavilion At Seattle Center,Seattle,WA,,,West,Pavilion,,,,,Ticketmaster,tmv-KovZpZAdAnkA,75
Empty Space Theatre,Seattle,WA,,All Ages,West,Theatre,,,,,Ticketmaster,tmv-KovZpZAdEEeA,78
Jai Thai,Seattle,WA,,,West,Venue,,,,,Ticketmaster,tmv-KovZpZAdFn6A,75
Evergreen State Fair,Monroe,WA,,,West,Venue,,,,,Ticketmaster,tmv-KovZpZAdJn6A,75
Studio 7,Seattle,WA,,,West,Venue,,,,,Ticketmaster,tmv-KovZpZAdl6nA,75
HUB Auditorium,Seattle,WA,,All Ages,West,Auditorium,,,,,Ticketmaster,tmv-KovZpZAdlvnA,78
Alaska Airlines Torchlight Parade at Seafair,Seattle,WA,,,West,Venue,,,,,Ticketmaster,tmv-KovZpZAdnIlA,75
Gorge Campground,Quincy,WA,,,West,Venue,,,,,Ticketmaster,tmv-KovZpZAkIAEA,75
Club Sur,Seattle,WA,,,West,Club,,,,,Ticketmaster,tmv-KovZpZAklenA,75
The Big Dipper,Spokane,WA,,,West,Venue,,,,,Ticketmaster,tmv-KovZpZAktIaA,75
Columbia Crest Winery,Paterson,WA,,,West,Venue,,,,,Ticketmaster,tmv-KovZpZAtvJFA,75
Swiftwater Cellars Amphitheater,Cle Elum,WA,,,West,Amphitheatre,,,,,Ticketmaster,tmv-KovZpa3pje,75
Earth Portal,Seattle,WA,,,West,Venue,,,,,Ticketmaster,tmv-KovZpa3r0e,75
Pierce College Fort Steilacoom Campus,Lakewood,WA,,,West,Venue,,,,,Ticketmaster,tmv-KovZpa3y3e,75
Albert Lee Cup and Boeing Air Show at Seafair,Seattle,WA,,,West,Venue,,,,,Ticketmaster,tmv-KovZpa4Y8e,75
University of Washington - Ethnic Cultural Theatre,Seattle,WA,,,West,Theatre,,,,,Ticketmaster,tmv-KovZpa6IGe,75
Renton Civic Theatre,Renton,WA,,All Ages,West,Theatre,,,,,Ticketmaster,tmv-KovZpa6Iee,78
Skyview High School,Vancouver,WA,,,West,Venue,,,,,Ticketmaster,tmv-KovZpa6Ipe,75
The Mountaineering Club,Seattle,WA,,,West,Club,,,,,Ticketmaster,tmv-KovZpa8oZe,75
Cascade Lanes,Renton,WA,,,West,Venue,,,,,Ticketmaster,tmv-KovZpa920e,75
Brechemin Auditorium,Seattle,WA,,All Ages,West,Auditorium,,,,,Ticketmaster,tmv-KovZpa92me,78
Emerald Downs,Auburn,WA,,,West,Venue,,,,,Ticketmaster,tmv-KovZpa98ee,75
Darrington Gorge,Darrington,WA,,,West,Venue,,,,,Ticketmaster,tmv-KovZpa98ne,75
Crepe De Paris,Seattle,WA,,,West,Venue,,,,,Ticketmaster,tmv-KovZpa9CHe,75
Broadway Performance Hall,Seattle,WA,,,West,Hall,,,,,Ticketmaster,tmv-KovZpa9CIe,75
Weyerhaeuser King County Aquatic Center,Federal Way,WA,,,West,Venue,,,,,Ticketmaster,tmv-KovZpa9Cre,75
Central Washington State Fair,Yakima,WA,,All Ages,West,Venue,,,,,Ticketmaster,tmv-KovZpa9Cwe,78
Breakwater,Bellingham,WA,,,West,Venue,,,,,Ticketmaster,tmv-KovZpa9QOe,75
Village Theatre First Stage,Issaquah,WA,,,West,Theatre,,,,,Ticketmaster,tmv-KovZpa9Qee,75
Blues Ranch,Winthrop,WA,,All Ages,West,Venue,,,,,Ticketmaster,tmv-KovZpa9Qpe,78
Edgewater Hotel,Seattle,WA,,,West,Venue,,,,,Ticketmaster,tmv-KovZpa9_0e,75
Auburn Avenue Theatre,Auburn,WA,,,West,Theatre,,,,,Ticketmaster,tmv-KovZpa9_8e,75
Bellevue Hyatt Regency,Bellevue,WA,,,West,Venue,,,,,Ticketmaster,tmv-KovZpa9_Qe,75
Edmonds Community College,Lynnwood,WA,,All Ages,West,Venue,,,,,Ticketmaster,tmv-KovZpa9_me,78
Eckstein Middle School,Seattle,WA,,All Ages,West,Venue,,,,,Ticketmaster,tmv-KovZpa9h3e,78
Doubletree Hotel Seattle Airport,Seattle,WA,,All Ages,West,Venue,,,,,Ticketmaster,tmv-KovZpa9hFe,78
Black Lake Grange,Olympia,WA,,,West,Venue,,,,,Ticketmaster,tmv-KovZpa9hJe,75
Consolidated Works,Seattle,WA,,All Ages,West,Venue,,,,,Ticketmaster,tmv-KovZpa9hje,78
WOODLAND PARK ZOO,Seattle,WA,,,West,Venue,,,,,Ticketmaster,tmv-KovZpaFBUe,75
Kenmore Lanes,Kenmore,WA,,,West,Venue,,,,,Ticketmaster,tmv-KovZpaK08e,75
Kitsap Bowl,Bremerton,WA,,All Ages,West,Venue,,,,,Ticketmaster,tmv-KovZpab4ze,78
Fright Gallery,Seattle,WA,,All Ages,West,Venue,,,,,Ticketmaster,tmv-KovZpab93e,78
Hells Kitchen,Tacoma,WA,,,West,Venue,,,,,Ticketmaster,tmv-KovZpab9je,75
Market Theatre,Seattle,WA,,All Ages,West,Theatre,,,,,Ticketmaster,tmv-KovZpabpOe,78
Holiday Inn Seatac,Seatac,WA,,,West,Venue,,,,,Ticketmaster,tmv-KovZpabpXe,75
Naf Studios,Seattle,WA,,All Ages,West,Venue,,,,,Ticketmaster,tmv-KovZpabpne,78
Fort Lewis,Tacoma,WA,,All Ages,West,Venue,,,,,Ticketmaster,tmv-KovZpabppe,78
Reflection Plaza,Washougal,WA,,,West,Venue,,,,,Ticketmaster,tmv-KovZpap2Ge,75
The Mix,Seattle,WA,,,West,Venue,,,,,Ticketmaster,tmv-KovZpap2Ve,75
Union Station Parking Garage,Seattle,WA,,,West,Venue,,,,,Ticketmaster,tmv-KovZpap4Be,75
Theater At Meydenbauer,Bellevue,WA,,,West,Theatre,,,,,Ticketmaster,tmv-KovZpap5Ye,75
THE WHEELER THEATER,Port Townsend,WA,,,West,Theatre,,,,,Ticketmaster,tmv-KovZpap9Ie,75
SLIP 45,Port Orchard,WA,,,West,Venue,,,,,Ticketmaster,tmv-KovZpap9we,75
Overlake School,Redmond,WA,,,West,Venue,,,,,Ticketmaster,tmv-KovZpapCke,75
TPC Snoqualmie Ridge,Snoqualmie,WA,,,West,Venue,,,,,Ticketmaster,tmv-KovZpapp7e,75
Marymoor - Archery,Redmond,WA,,,West,Venue,,,,,Ticketmaster,tmv-KovZpappbe,75
Giggles Comedy Nite Club,Seattle,WA,,,West,Club,,,,,Ticketmaster,tmv-Z6r9jZ6Aee,75
Golden Gardens Park,Seattle,WA,,,West,Venue,,,,,Ticketmaster,tmv-Z6r9jZ6kee,75
Funny Farm Showroom,Everett,WA,,,West,Venue,,,,,Ticketmaster,tmv-Z6r9jZ6v1e,75
DV8,Seattle,WA,,,West,Venue,,,,,Ticketmaster,tmv-Z6r9jZAa6e,75
Intiman Theatre,Seattle,WA,,,West,Theatre,,,,,Ticketmaster,tmv-Z6r9jZF1de,75
Jane Addams Auditorium,Seattle,WA,,,West,Auditorium,,,,,Ticketmaster,tmv-Z6r9jZae6e,75
Ballard Firehouse,Seattle,WA,,,West,Venue,,,,,Ticketmaster,tmv-Z6r9jZe77e,75
Mirage Drive In - Stampede,Omak,WA,,,West,Venue,,,,,Ticketmaster,tmv-Z7r9jZa737,75
Ora Nightclub,Seattle,WA,,,West,Club,,,,,Ticketmaster,tmv-Z7r9jZa764,75
Nate Jacksons Super Funny Comedy Club,Tacoma,WA,,,West,Club,,,,,Ticketmaster,tmv-Z7r9jZa7Ci,75
BiMart Arena,Cheney,WA,,,West,Arena,,,,,Ticketmaster,tmv-Z7r9jZa7EE,75
Sedro Woolley Rodeo Grounds,Sedro Woolley,WA,,,West,Venue,,,,,Ticketmaster,tmv-Z7r9jZa7IQ,75
Vancouver Mall,Vancouver,WA,,,West,Venue,,,,,Ticketmaster,tmv-Z7r9jZa7IT,75
Clyde Theatre-WA,Langley,WA,,,West,Theatre,,,,,Ticketmaster,tmv-Z7r9jZa7JE,75
Supernova Seattle,Seattle,WA,,,West,Venue,,,,,Ticketmaster,tmv-Z7r9jZa7Ne,75
Tacoma Comedy Club,Tacoma,WA,,,West,Club,,,,,Ticketmaster,tmv-Z7r9jZa7Va,75
Point Defiance Zoo & Aquarium,Tacoma,WA,,,West,Venue,,,,,Ticketmaster,tmv-Z7r9jZa7Y4,75
Laughs Comedy Club & Restaurant,Seattle,WA,,,West,Club,,,,,Ticketmaster,tmv-Z7r9jZa7_Y,75
The SLAB - Seattle Drum School of Music,Seattle,WA,,,West,Venue,,,,,Ticketmaster,tmv-Z7r9jZa7ig,75
Hawk Alley Tailgate,Seattle,WA,,,West,Venue,,,,,Ticketmaster,tmv-Z7r9jZa7j4,75
The Landing - WA,Renton,WA,,,West,Venue,,,,,Ticketmaster,tmv-Z7r9jZa7nW,75
Tacoma STAR Center,Tacoma,WA,,,West,Venue,,,,,Ticketmaster,tmv-Z7r9jZa7nf,75
Life Center Tacoma,Tacoma,WA,,,West,Venue,,,,,Ticketmaster,tmv-Z7r9jZa7nx,75
South Sound Manor,Olympia,WA,,,West,Venue,,,,,Ticketmaster,tmv-Z7r9jZa7vj,75
Clover Park Technical College,Lakewood,WA,,,West,Venue,,,,,Ticketmaster,tmv-Z7r9jZa7vq,75
Muckleshoot Events Center,Auburn,WA,,,West,Venue,,,,,Ticketmaster,tmv-Z7r9jZa7xz,75
Marymoor Live,Redmond,WA,,,West,Venue,,,,,Ticketmaster,tmv-Z7r9jZaA-i,75
McMenamins Anderson School,Bothell,WA,,,West,Venue,,,,,Ticketmaster,tmv-Z7r9jZaA2f,75
Meany Center for the Performing Arts,Seattle,WA,,,West,Venue,,,,,Ticketmaster,tmv-Z7r9jZaA2w,75
Trinity Nightclub,Seattle,WA,,,West,Club,,,,,Ticketmaster,tmv-Z7r9jZaA3m,75
Waterfront Waypoint Park,Bellingham,WA,,,West,Venue,,,,,Ticketmaster,tmv-Z7r9jZaA9O,75
Amy Yee Tennis Center,Seattle,WA,,,West,Venue,,,,,Ticketmaster,tmv-Z7r9jZaAAe,75
Block 41,Seattle,WA,,,West,Venue,,,,,Ticketmaster,tmv-Z7r9jZaAC7,75
Riverside Place,Spokane,WA,,,West,Venue,,,,,Ticketmaster,tmv-Z7r9jZaACW,75
Billsville West,Walla Walla,WA,,,West,Venue,,,,,Ticketmaster,tmv-Z7r9jZaAF3,75
Under The Big Top - Bellis Fair,Bellingham,WA,,,West,Venue,,,,,Ticketmaster,tmv-Z7r9jZaAFN,75
Columbia Center,Kennewick,WA,,,West,Venue,,,,,Ticketmaster,tmv-Z7r9jZaAIF,75
Virginia Mason Athletic Center,Renton,WA,,,West,Venue,,,,,Ticketmaster,tmv-Z7r9jZaANw,75
The Motor Co.,Walla Walla,WA,,,West,Venue,,,,,Ticketmaster,tmv-Z7r9jZaAO0,75
Tacoma Mall,Tacoma,WA,,,West,Venue,,,,,Ticketmaster,tmv-Z7r9jZaAOR,75
Summers Hub of Kennewick,Kennewick,WA,,,West,Venue,,,,,Ticketmaster,tmv-Z7r9jZaAOf,75
QPWZL National Event - SEA,Seattle,WA,,,West,Venue,,,,,Ticketmaster,tmv-Z7r9jZaAPC,75
Plaza Morelia,Chelan,WA,,,West,Venue,,,,,Ticketmaster,tmv-Z7r9jZaAPJ,75
QPWZL - Small Venue Washington,Seattle,WA,,,West,Venue,,,,,Ticketmaster,tmv-Z7r9jZaAPu,75
Red Lion Hotel & Conference Center,Ellensburg,WA,,,West,Venue,,,,,Ticketmaster,tmv-Z7r9jZaAYE,75
Spokane Comedy Club,Spokane,WA,,,West,Club,,,,,Ticketmaster,tmv-Z7r9jZaAZs,75
Vessel Taphouse - WA,Lynnwood,WA,,,West,Venue,,,,,Ticketmaster,tmv-Z7r9jZaA_6,75
Hiyu on Lake Union Park,Seattle,WA,,,West,Venue,,,,,Ticketmaster,tmv-Z7r9jZaA_q,75
Twin Peaks - Tukwila,Tukwila,WA,,,West,Venue,,,,,Ticketmaster,tmv-Z7r9jZaA_s,75
The Majestic Ballroom - WA,Bellingham,WA,,,West,Ballroom,,,,,Ticketmaster,tmv-Z7r9jZaA_z,75
Washington State Horse Park,Cle Elum,WA,,,West,Venue,,,,,Ticketmaster,tmv-Z7r9jZaAak,75
Ridge Motorsports Park,Shelton,WA,,,West,Venue,,,,,Ticketmaster,tmv-Z7r9jZaAbG,75
Real Art Tacoma,Tacoma,WA,,,West,Venue,,,,,Ticketmaster,tmv-Z7r9jZaAfO,75
North Bend Theatre,North Bend,WA,,,West,Theatre,,,,,Ticketmaster,tmv-Z7r9jZaAih,75
Club Hektic,Lynnwood,WA,,,West,Club,,,,,Ticketmaster,tmv-Z7r9jZaAjx,75
The Outlet Collection Seattle,Auburn,WA,,,West,Venue,,,,,Ticketmaster,tmv-Z7r9jZaAkR,75
Renton Pavilion Events Center,Renton,WA,,,West,Pavilion,,,,,Ticketmaster,tmv-Z7r9jZaAlj,75
Leavenworth Festhalle,Leavenworth,WA,,,West,Hall,,,,,Ticketmaster,tmv-Z7r9jZaAlw,75
Sky Meadows Park,Snohomish,WA,,,West,Venue,,,,,Ticketmaster,tmv-Z7r9jZaAmO,75
Spokane Valley Mall,Spokane,WA,,,West,Venue,,,,,Ticketmaster,tmv-Z7r9jZaAne,75
Farm Jam Festival Grounds,Colville,WA,,,West,Venue,,,,,Ticketmaster,tmv-Z7r9jZaAoj,75
Lewis River Golf Course,Woodland,WA,,,West,Venue,,,,,Ticketmaster,tmv-Z7r9jZaAsW,75
Gesa Power House Theatre,Walla Walla,WA,,,West,Theatre,,,,,Ticketmaster,tmv-Z7r9jZaAuv,75
Suquamish Clearwater Beach Sports Lounge,Suquamish,WA,,,West,Venue,,,,,Ticketmaster,tmv-Z7r9jZaAxE,75
The Pin - WA,Spokane,WA,,,West,Venue,,,,,Ticketmaster,tmv-Z7r9jZad1p,75
Parlor Live Bellevue,"Bellevue, WA",WA,,,West,Venue,,,,,Ticketmaster,tmv-Z7r9jZad8R,75
Firth J Chew Studio Theatre,Spokane,WA,,,West,Theatre,,,,,Ticketmaster,tmv-Z7r9jZadB0,75
The Palomino - WA,Spokane,WA,,,West,Venue,,,,,Ticketmaster,tmv-Z7r9jZadCk,75
Tart Cider,Olympia,WA,,,West,Venue,,,,,Ticketmaster,tmv-Z7r9jZadS2,75
Wild Buffalo House of Music,Bellingham,WA,,,West,Venue,,,,,Ticketmaster,tmv-Z7r9jZadY-,75
Olympia Film Society Capitol Theater,Olympia,WA,,,West,Theatre,,,,,Ticketmaster,tmv-Z7r9jZadYP,75
Pioneer Square,Seattle,WA,,,West,Venue,,,,,Ticketmaster,tmv-Z7r9jZad_Q,75
Recital Hall,Seattle,WA,,,West,Hall,,,,,Ticketmaster,tmv-Z7r9jZadc1,75
Louie G's Pizzeria,Fife,WA,,,West,Venue,,,,,Ticketmaster,tmv-Z7r9jZadg_,75
Steel Creek,Tacoma,WA,,,West,Venue,,,,,Ticketmaster,tmv-Z7r9jZadh0,75
Darrington Bluegrass Music Park,Darrington,WA,,,West,Venue,,,,,Ticketmaster,tmv-Z7r9jZadju,75
Aston Manor,Seattle,WA,,,West,Venue,,,,,Ticketmaster,tmv-Z7r9jZadmQ,75
Swaxx - WA,Spokane,WA,,,West,Venue,,,,,Ticketmaster,tmv-Z7r9jZadow,75
Capitol Hill Block Party Grounds,Seattle,WA,,,West,Venue,,,,,Ticketmaster,tmv-Z7r9jZadpj,75
North County Christ the King,Lynden,WA,,,West,Venue,,,,,Ticketmaster,tmv-Z7r9jZadqQ,75
The Highline,Seattle,WA,,,West,Venue,,,,,Ticketmaster,tmv-Z7r9jZadty,75
Main Street Studios,Walla Walla,WA,,,West,Venue,,,,,Ticketmaster,tmv-Z7r9jZaemz,75
Reese Court,Cheney,WA,,,West,Venue,,,,,Ticketmaster,tmv-Z7r9jZaetS,75
Tracyton Movie House,Bremerton,WA,,,West,Venue,,,,,Ticketmaster,tmv-Z7r9jZakkj,75
5th Avenue Theatre,Seattle,WA,,,West,Theatre,,,,,Ticketmaster,tmv-ZAr9jZ6ehK,75
Deep Water Amphitheater,Manson,WA,,,West,Amphitheatre,,,,,Ticketmaster,tmv-ZFr9jZ16ed,75
CUB Ballroom At Washington State University,Pullman,WA,,,West,Ballroom,,,,,Ticketmaster,tmv-ZFr9jZ17ek,75
D & R Theater,Aberdeen,WA,,,West,Theatre,,,,,Ticketmaster,tmv-ZFr9jZ1A1k,75
Foundation Nightclub,Seattle,WA,,,West,Club,,,,,Ticketmaster,tmv-ZFr9jZ1Aed,75
The Yacht Club on Lake Union,Seattle,WA,,,West,Club,,,,,Ticketmaster,tmv-ZFr9jZ1eva,75
Lincoln Theatre - WA,Mount Vernon,WA,,,West,Theatre,,,,,Ticketmaster,tmv-ZFr9jZ6Ad6,75
Vashon Center for the Arts,Vashon,WA,,,West,Venue,,,,,Ticketmaster,tmv-ZFr9jZ6a6d,75
Spokane Civic Theatre,Spokane,WA,,,West,Theatre,,,,,Ticketmaster,tmv-ZFr9jZ6da7,75
The Premier,Seattle,WA,,,West,Venue,,,,,Ticketmaster,tmv-ZFr9jZ7Fdv,75
Summer Nights at South Lake Union Park,Seattle,WA,,,West,Venue,,,,,Ticketmaster,tmv-ZFr9jZ7ave,75
The Kennel,Spokane,WA,,,West,Venue,,,,,Ticketmaster,tmv-ZFr9jZ7e71,75
Magnuson Park Hangar,Seattle,WA,,,West,Venue,,,,,Ticketmaster,tmv-ZFr9jZA7dv,75
Esther Short Park,Vancouver,WA,,,West,Venue,,,,,Ticketmaster,tmv-ZFr9jZAAa7,75
The Fenix,Seattle,WA,,,West,Venue,,,,,Ticketmaster,tmv-ZFr9jZAa7e,75
Marriott Seattle Airport,Seattle,WA,,,West,Venue,,,,,Ticketmaster,tmv-ZFr9jZF67k,75
Encore! Theater,Gig Harbor,WA,,,West,Theatre,,,,,Ticketmaster,tmv-ZFr9jZFdvF,75
Heaven Nightclub,Seattle,WA,,,West,Club,,,,,Ticketmaster,tmv-ZFr9jZFkav,75
Nicholson Pavilion - CWU,Ellensburg,WA,,,West,Pavilion,,,,,Ticketmaster,tmv-ZFr9jZFv6F,75
McIntyre Hall,Mount Vernon,WA,,,West,Hall,,,,,Ticketmaster,tmv-ZFr9jZFvaa,75
TRAC Center,Pasco,WA,,,West,Venue,,,,,Ticketmaster,tmv-ZFr9jZa1ka,75
Under The White Big Top - Seattle,Seattle,WA,,,West,Venue,,,,,Ticketmaster,tmv-ZFr9jZaFv6,75
Doubletree Hotel Spokane City Center,Spokane,WA,,,West,Venue,,,,,Ticketmaster,tmv-ZFr9jZaeFa,75
Experience Music Project,Seattle,WA,,,West,Venue,,,,,Ticketmaster,tmv-ZFr9jZdFvv,75
Lilac Bowl Amphitheatre at Riverfront Park,Spokane,WA,,,West,Amphitheatre,,,,,Ticketmaster,tmv-ZFr9jZda16,75
Renton Boeing Plant,Seattle,WA,,,West,Venue,,,,,Ticketmaster,tmv-ZFr9jZdaaA,75
Sahalee Country Club,Sammamish,WA,,,West,Club,,,,,Ticketmaster,tmv-ZFr9jZdkek,75
Park Place-Washington,Spokane,WA,,,West,Venue,,,,,Ticketmaster,tmv-ZFr9jZdvAv,75
Taproot Theatre,Seattle,WA,,,West,Theatre,,,,,Ticketmaster,tmv-ZFr9jZe66d,75
Union Station,Seattle,WA,,,West,Venue,,,,,Ticketmaster,tmv-ZFr9jZeF61,75
Seattle Center House,Seattle,WA,,,West,Venue,,,,,Ticketmaster,tmv-ZFr9jZekdA,75
Seafair,Seattle,WA,,,West,Venue,,,,,Ticketmaster,tmv-ZFr9jZeke1,75
Grand Chapiteau at Renton Boeing Plant,Renton,WA,,,West,Venue,,,,,Ticketmaster,tmv-ZFr9jZk17k,75
TPC at Snoqualmie Ridge,Snoqualmie,WA,,,West,Venue,,,,,Ticketmaster,tmv-ZFr9jZk7k6,75
Grand Chapiteau at Marymoor Park,Redmond,WA,,,West,Venue,,,,,Ticketmaster,tmv-ZFr9jZkA1v,75
Columbia Tower Club,Seattle,WA,,,West,Club,,,,,Ticketmaster,tmv-ZFr9jZkFkA,75
TPC at Canyons,Seattle,WA,,,West,Venue,,,,,Ticketmaster,tmv-ZFr9jZke1F,75
Napavine Amphitheater,Napavine,WA,,,West,Amphitheatre,,,,,Ticketmaster,tmv-ZFr9jZkede,75
Woodinville Wine Country,Woodinville,WA,,,West,Venue,,,,,Ticketmaster,tmv-ZFr9jZkvvk,75
The Ruins,Seattle,WA,,,West,Venue,,,,,Ticketmaster,tmv-Za5ju3rKuqZDddlPYF9u-5TanMU4MNi1h6,75
St Markâ€™s Cathedral,Seattle,WA,,,West,Venue,,,,,Ticketmaster,tmv-Za5ju3rKuqZDdjLs6Lc0q1DQ5P0qlwX4xw,75
Erickson Theatre,Seattle,WA,,,West,Theatre,,,,,Ticketmaster,tmv-Za5ju3rKuqZDe7Lzh7YTyd6DNwdSN76wAC,75
Muckleshoot Plaza Parking,Seattle,WA,,,West,Venue,,,,,Ticketmaster,tmv-Za5ju3rKuqZDeOzgRJmfu6D5-pg3fciP8j,75
KCI Team Store,Seattle,WA,,,West,Venue,,,,,Ticketmaster,tmv-Za5ju3rKuqZDeleMv4BAyF4h1udQR0bKa6,75
Seattle BAA Parking,Seattle,WA,,,West,Venue,,,,,Ticketmaster,tmv-Za5ju3rKuqZDv8JlQD5yAAx5rV0xFq5MbJ,75
Fort Worden State Park,Port Townsend,WA,,,West,Venue,,,,,Ticketmaster,tmv-Za5ju3rKuqZDvKLcMcjRW2NaVUNRngdLeK,75
UW,Seattle,WA,,,West,Venue,,,,,Ticketmaster,tmv-Za5ju3rKuqZDvfqVkElzq1aIHcJbWYEpMt,75
Langston Hughes,Seattle,WA,,,West,Venue,,,,,Ticketmaster,tmv-Za5ju3rKuqZDvn6bTzR7_AHnL515SRmLP4,75
Seahawks Training Camp,Renton,WA,,,West,Venue,,,,,Ticketmaster,tmv-Za5ju3rKuqZDvyUDXsVnuGGQkCwBLhI21h,75
MoPOP - 325 5th Ave N,Seattle,WA,,,West,Venue,,,,,Ticketmaster,tmv-Za5ju3rKuqZyNCasHyue2tLfHLsqOCrm,75
Bill's Place,Yakima,WA,,,West,Venue,,,,,Ticketmaster,tmv-rZ7HnEZ17347P,75
ALMA Rooftop,Tacoma,WA,,,West,Venue,,,,,Ticketmaster,tmv-rZ7HnEZ173_uP,75
Faith Tri-Cities,Pasco,WA,,,West,Venue,,,,,Ticketmaster,tmv-rZ7HnEZ173bjP,75
The Royal Room,Seattle,WA,,,West,Venue,,,,,Ticketmaster,tmv-rZ7HnEZ173fbg,75
Kremwerk,Seattle,WA,,,West,Venue,,,,,Ticketmaster,tmv-rZ7HnEZ174MPI,75
Belltown Yacht Club,Seattle,WA,,,West,Club,,,,,Ticketmaster,tmv-rZ7HnEZ174VPz,75
The Rabbit Box,Seattle,WA,,,West,Venue,,,,,Ticketmaster,tmv-rZ7HnEZ174kAI,75
Circus Vazquez - Central Washington State Fair,Yakima,WA,,,West,Venue,,,,,Ticketmaster,tmv-rZ7HnEZ17CbC4,75
"Secret Location - Seattle, WA",Seattle,WA,,,West,Venue,,,,,Ticketmaster,tmv-rZ7HnEZ17QKoN,75
Edmonds Center For the Arts -Leo Presents,Edmonds,WA,,,West,Venue,,,,,Ticketmaster,tmv-rZ7HnEZ17_-aN,75
Washington 1000 - Seattle,Seattle,WA,,,West,Venue,,,,,Ticketmaster,tmv-rZ7HnEZ17__1K,75
Harbor Steps,Seattle,WA,,,West,Venue,,,,,Ticketmaster,tmv-rZ7HnEZ17__FS,75
2+U Building - Seattle,Seattle,WA,,,West,Venue,,,,,Ticketmaster,tmv-rZ7HnEZ17__aK,75
Freeway Park,Seattle,WA,,,West,Venue,,,,,Ticketmaster,tmv-rZ7HnEZ17__aS,75
Safeco Plaza,Seattle,WA,,,West,Venue,,,,,Ticketmaster,tmv-rZ7HnEZ17__ad,75
Cottontail Club,Seattle,WA,,,West,Club,,,,,Ticketmaster,tmv-rZ7HnEZ17_aCd,75
VENUE TBD SEATTLE,Seattle,WA,,,West,Venue,,,,,Ticketmaster,tmv-rZ7HnEZ17b3qI,75
River Of Life Fellowship,Kent,WA,,,West,Venue,,,,,Ticketmaster,tmv-rZ7HnEZ17f37A,75
Bob's Java Jive,Tacoma,WA,,,West,Venue,,,,,Ticketmaster,tmv-rZ7HnEZ17f3PP,75
Hop Capital Brewing,Yakima,WA,,,West,Venue,,,,,Ticketmaster,tmv-rZ7HnEZ17f3ag,75
Pony,Seattle,WA,,,West,Venue,,,,,Ticketmaster,tmv-rZ7HnEZ17f7F4,75
New Frontier,Tacoma,WA,,,West,Venue,,,,,Ticketmaster,tmv-rZ7HnEZ17fFFg,75
Dune Peninsula Park,Tacoma,WA,,,West,Venue,,,,,Ticketmaster,tmv-rZ7HnEZ17fKAP,75
The Timbre Room,Seattle,WA,,,West,Venue,,,,,Ticketmaster,tmv-rZ7HnEZ17fKFg,75
Tony V's Garage,Everett,WA,,,West,Venue,,,,,Ticketmaster,tmv-rZ7HnEZ17fSC4,75
Supernova,Seattle,WA,,,West,Venue,,,,,Ticketmaster,tmv-rZ7HnEZ17fae4,75
The Rendezvous,Seattle,WA,,,West,Venue,,,,,Ticketmaster,tmv-rZ7HnEZ17fbC4,75
Lo-Fi Performance Gallery,Seattle,WA,,,West,Venue,,,,,Ticketmaster,tmv-rZ7HnEZ17fd-P,75
ALMA Lounge,Tacoma,WA,,,West,Venue,,,,,Ticketmaster,tmv-rZ7HnEZ17fdA4,75
Life Center,Tacoma,WA,,,West,Venue,,,,,Ticketmaster,tmv-rZ7HnEZ17febg,75
Downtown Tacoma,Tacoma,WA,,,West,Venue,,,,,Ticketmaster,tmv-rZ7HnEZ17ff4g,75
Vue Lounge,Seattle,WA,,,West,Venue,,,,,Ticketmaster,tmv-rZ7HnEZ17ffbA,75
City Hall Plaza - Seattle,Seattle,WA,,,West,Hall,,,,,Ticketmaster,tmv-rZ7HnEZ17p7qI,75
Ray's Golden Lion,Richland,WA,,,West,Venue,,,,,Ticketmaster,tmv-rZ7HnEZ17pZ8z,75
Brick Park,Seattle,WA,,,West,Venue,,,,,Ticketmaster,tmv-rZ7HnEZ17qE4V,75
El Parral,Kent,WA,,,West,Venue,,,,,Ticketmaster,tmv-rZ7HnEZ17qF1f,75
